Predictor variable,Categorical,Sample average
bio18,false,187.67337807606265
bio19,false,228.03131991051455
bio2,false,10.181054546262327
bio3,false,48.19262717500896
bio8,false,13.230952218074927
bio9,false,15.551998873418343
